filename,filepath,prob_dog,pred_label,pred_id
1.jpg,datasets_subset\test\1.jpg,0.00031215692,cat,0
10.jpg,datasets_subset\test\10.jpg,0.9999999,dog,1
100.jpg,datasets_subset\test\100.jpg,1.29038195e-11,cat,0
101.jpg,datasets_subset\test\101.jpg,9.2181024e-10,cat,0
102.jpg,datasets_subset\test\102.jpg,0.9999635,dog,1
103.jpg,datasets_subset\test\103.jpg,1.5325872e-05,cat,0
104.jpg,datasets_subset\test\104.jpg,0.99999994,dog,1
105.jpg,datasets_subset\test\105.jpg,0.9999952,dog,1
106.jpg,datasets_subset\test\106.jpg,1.0,dog,1
107.jpg,datasets_subset\test\107.jpg,0.016416254,cat,0
108.jpg,datasets_subset\test\108.jpg,0.0006861838,cat,0
109.jpg,datasets_subset\test\109.jpg,0.999999,dog,1
11.jpg,datasets_subset\test\11.jpg,0.98979473,dog,1
110.jpg,datasets_subset\test\110.jpg,4.373586e-09,cat,0
111.jpg,datasets_subset\test\111.jpg,3.5211302e-14,cat,0
112.jpg,datasets_subset\test\112.jpg,1.0,dog,1
113.jpg,datasets_subset\test\113.jpg,1.0,dog,1
114.jpg,datasets_subset\test\114.jpg,0.9999997,dog,1
115.jpg,datasets_subset\test\115.jpg,1.0,dog,1
116.jpg,datasets_subset\test\116.jpg,0.99999756,dog,1
117.jpg,datasets_subset\test\117.jpg,0.9999874,dog,1
118.jpg,datasets_subset\test\118.jpg,0.9999931,dog,1
119.jpg,datasets_subset\test\119.jpg,0.9950363,dog,1
12.jpg,datasets_subset\test\12.jpg,2.9504907e-05,cat,0
120.jpg,datasets_subset\test\120.jpg,0.9996654,dog,1
121.jpg,datasets_subset\test\121.jpg,1.298537e-11,cat,0
122.jpg,datasets_subset\test\122.jpg,0.64237976,dog,1
123.jpg,datasets_subset\test\123.jpg,0.98573613,dog,1
124.jpg,datasets_subset\test\124.jpg,4.7100147e-07,cat,0
125.jpg,datasets_subset\test\125.jpg,1.669086e-14,cat,0
126.jpg,datasets_subset\test\126.jpg,0.99999994,dog,1
127.jpg,datasets_subset\test\127.jpg,1.0,dog,1
128.jpg,datasets_subset\test\128.jpg,2.8305152e-15,cat,0
129.jpg,datasets_subset\test\129.jpg,0.60425484,dog,1
13.jpg,datasets_subset\test\13.jpg,1.326897e-06,cat,0
130.jpg,datasets_subset\test\130.jpg,0.99993455,dog,1
131.jpg,datasets_subset\test\131.jpg,2.291655e-07,cat,0
132.jpg,datasets_subset\test\132.jpg,1.5063227e-12,cat,0
133.jpg,datasets_subset\test\133.jpg,0.023413716,cat,0
134.jpg,datasets_subset\test\134.jpg,0.006634874,cat,0
135.jpg,datasets_subset\test\135.jpg,1.0,dog,1
136.jpg,datasets_subset\test\136.jpg,5.859612e-06,cat,0
137.jpg,datasets_subset\test\137.jpg,0.89320046,dog,1
138.jpg,datasets_subset\test\138.jpg,0.9234606,dog,1
139.jpg,datasets_subset\test\139.jpg,2.6257963e-05,cat,0
14.jpg,datasets_subset\test\14.jpg,0.99999964,dog,1
140.jpg,datasets_subset\test\140.jpg,1.0,dog,1
141.jpg,datasets_subset\test\141.jpg,1.0,dog,1
142.jpg,datasets_subset\test\142.jpg,0.99999917,dog,1
143.jpg,datasets_subset\test\143.jpg,0.007954059,cat,0
144.jpg,datasets_subset\test\144.jpg,6.0129297e-09,cat,0
145.jpg,datasets_subset\test\145.jpg,0.99999666,dog,1
146.jpg,datasets_subset\test\146.jpg,1.0,dog,1
147.jpg,datasets_subset\test\147.jpg,0.99997836,dog,1
148.jpg,datasets_subset\test\148.jpg,0.9907294,dog,1
149.jpg,datasets_subset\test\149.jpg,0.99999976,dog,1
15.jpg,datasets_subset\test\15.jpg,0.99996454,dog,1
150.jpg,datasets_subset\test\150.jpg,0.99973243,dog,1
151.jpg,datasets_subset\test\151.jpg,0.068527415,cat,0
152.jpg,datasets_subset\test\152.jpg,0.99999994,dog,1
153.jpg,datasets_subset\test\153.jpg,0.9861249,dog,1
154.jpg,datasets_subset\test\154.jpg,7.261781e-05,cat,0
155.jpg,datasets_subset\test\155.jpg,8.90691e-10,cat,0
156.jpg,datasets_subset\test\156.jpg,2.9756327e-06,cat,0
157.jpg,datasets_subset\test\157.jpg,1.0,dog,1
158.jpg,datasets_subset\test\158.jpg,6.573474e-09,cat,0
159.jpg,datasets_subset\test\159.jpg,0.060970128,cat,0
16.jpg,datasets_subset\test\16.jpg,0.32216647,cat,0
160.jpg,datasets_subset\test\160.jpg,2.2344416e-07,cat,0
161.jpg,datasets_subset\test\161.jpg,1.0,dog,1
162.jpg,datasets_subset\test\162.jpg,5.189996e-10,cat,0
163.jpg,datasets_subset\test\163.jpg,1.0,dog,1
164.jpg,datasets_subset\test\164.jpg,0.97608835,dog,1
165.jpg,datasets_subset\test\165.jpg,0.9811025,dog,1
166.jpg,datasets_subset\test\166.jpg,0.007919491,cat,0
167.jpg,datasets_subset\test\167.jpg,0.99370646,dog,1
168.jpg,datasets_subset\test\168.jpg,0.9995034,dog,1
169.jpg,datasets_subset\test\169.jpg,1.3523557e-14,cat,0
17.jpg,datasets_subset\test\17.jpg,0.9999728,dog,1
170.jpg,datasets_subset\test\170.jpg,1.1539168e-05,cat,0
171.jpg,datasets_subset\test\171.jpg,1.6651062e-07,cat,0
172.jpg,datasets_subset\test\172.jpg,1.0,dog,1
173.jpg,datasets_subset\test\173.jpg,0.99999994,dog,1
174.jpg,datasets_subset\test\174.jpg,5.418277e-07,cat,0
175.jpg,datasets_subset\test\175.jpg,0.9303915,dog,1
176.jpg,datasets_subset\test\176.jpg,0.0011336164,cat,0
177.jpg,datasets_subset\test\177.jpg,1.020872e-06,cat,0
178.jpg,datasets_subset\test\178.jpg,1.19587595e-11,cat,0
179.jpg,datasets_subset\test\179.jpg,1.0,dog,1
18.jpg,datasets_subset\test\18.jpg,6.2238246e-06,cat,0
180.jpg,datasets_subset\test\180.jpg,6.128809e-07,cat,0
181.jpg,datasets_subset\test\181.jpg,0.06617955,cat,0
182.jpg,datasets_subset\test\182.jpg,8.633067e-11,cat,0
183.jpg,datasets_subset\test\183.jpg,0.99997824,dog,1
184.jpg,datasets_subset\test\184.jpg,0.010188112,cat,0
185.jpg,datasets_subset\test\185.jpg,0.99989915,dog,1
186.jpg,datasets_subset\test\186.jpg,4.542399e-05,cat,0
187.jpg,datasets_subset\test\187.jpg,1.2245753e-09,cat,0
188.jpg,datasets_subset\test\188.jpg,0.00010208868,cat,0
189.jpg,datasets_subset\test\189.jpg,0.9999965,dog,1
19.jpg,datasets_subset\test\19.jpg,0.9999958,dog,1
190.jpg,datasets_subset\test\190.jpg,0.38902146,cat,0
191.jpg,datasets_subset\test\191.jpg,0.9999981,dog,1
192.jpg,datasets_subset\test\192.jpg,0.9999976,dog,1
193.jpg,datasets_subset\test\193.jpg,0.950863,dog,1
194.jpg,datasets_subset\test\194.jpg,5.8498347e-07,cat,0
195.jpg,datasets_subset\test\195.jpg,4.161974e-06,cat,0
196.jpg,datasets_subset\test\196.jpg,0.9999988,dog,1
197.jpg,datasets_subset\test\197.jpg,0.00089104567,cat,0
198.jpg,datasets_subset\test\198.jpg,0.00033112234,cat,0
199.jpg,datasets_subset\test\199.jpg,1.0804864e-06,cat,0
2.jpg,datasets_subset\test\2.jpg,0.00026139087,cat,0
20.jpg,datasets_subset\test\20.jpg,0.0014303625,cat,0
200.jpg,datasets_subset\test\200.jpg,4.0746692e-10,cat,0
201.jpg,datasets_subset\test\201.jpg,0.9986401,dog,1
202.jpg,datasets_subset\test\202.jpg,0.9999998,dog,1
203.jpg,datasets_subset\test\203.jpg,0.014171474,cat,0
204.jpg,datasets_subset\test\204.jpg,1.0778614e-05,cat,0
205.jpg,datasets_subset\test\205.jpg,5.2318428e-05,cat,0
206.jpg,datasets_subset\test\206.jpg,1.0,dog,1
207.jpg,datasets_subset\test\207.jpg,0.9999995,dog,1
208.jpg,datasets_subset\test\208.jpg,0.9995697,dog,1
209.jpg,datasets_subset\test\209.jpg,0.85362726,dog,1
21.jpg,datasets_subset\test\21.jpg,1.5992255e-10,cat,0
210.jpg,datasets_subset\test\210.jpg,1.465336e-10,cat,0
211.jpg,datasets_subset\test\211.jpg,3.2460444e-05,cat,0
212.jpg,datasets_subset\test\212.jpg,0.029606521,cat,0
213.jpg,datasets_subset\test\213.jpg,0.0020345673,cat,0
214.jpg,datasets_subset\test\214.jpg,1.0,dog,1
215.jpg,datasets_subset\test\215.jpg,0.5882458,dog,1
216.jpg,datasets_subset\test\216.jpg,0.0029623066,cat,0
217.jpg,datasets_subset\test\217.jpg,0.99983793,dog,1
218.jpg,datasets_subset\test\218.jpg,0.99999994,dog,1
219.jpg,datasets_subset\test\219.jpg,0.99999976,dog,1
22.jpg,datasets_subset\test\22.jpg,1.37031254e-11,cat,0
220.jpg,datasets_subset\test\220.jpg,0.9999999,dog,1
221.jpg,datasets_subset\test\221.jpg,2.8162192e-14,cat,0
222.jpg,datasets_subset\test\222.jpg,2.3177627e-06,cat,0
223.jpg,datasets_subset\test\223.jpg,0.98439187,dog,1
224.jpg,datasets_subset\test\224.jpg,1.0,dog,1
225.jpg,datasets_subset\test\225.jpg,1.0,dog,1
226.jpg,datasets_subset\test\226.jpg,0.99965805,dog,1
227.jpg,datasets_subset\test\227.jpg,1.0,dog,1
228.jpg,datasets_subset\test\228.jpg,1.8199593e-07,cat,0
229.jpg,datasets_subset\test\229.jpg,0.99999994,dog,1
23.jpg,datasets_subset\test\23.jpg,1.3511187e-17,cat,0
230.jpg,datasets_subset\test\230.jpg,1.0,dog,1
231.jpg,datasets_subset\test\231.jpg,0.9999993,dog,1
232.jpg,datasets_subset\test\232.jpg,4.367882e-07,cat,0
233.jpg,datasets_subset\test\233.jpg,1.0,dog,1
234.jpg,datasets_subset\test\234.jpg,1.8244793e-05,cat,0
235.jpg,datasets_subset\test\235.jpg,0.973995,dog,1
236.jpg,datasets_subset\test\236.jpg,0.9998995,dog,1
237.jpg,datasets_subset\test\237.jpg,0.02889676,cat,0
238.jpg,datasets_subset\test\238.jpg,1.8838964e-16,cat,0
239.jpg,datasets_subset\test\239.jpg,0.9582717,dog,1
24.jpg,datasets_subset\test\24.jpg,3.094463e-06,cat,0
240.jpg,datasets_subset\test\240.jpg,7.773176e-10,cat,0
241.jpg,datasets_subset\test\241.jpg,0.9999941,dog,1
242.jpg,datasets_subset\test\242.jpg,0.011881454,cat,0
243.jpg,datasets_subset\test\243.jpg,0.99966854,dog,1
244.jpg,datasets_subset\test\244.jpg,0.83078134,dog,1
245.jpg,datasets_subset\test\245.jpg,0.91023874,dog,1
246.jpg,datasets_subset\test\246.jpg,1.1457968e-06,cat,0
247.jpg,datasets_subset\test\247.jpg,0.9999619,dog,1
248.jpg,datasets_subset\test\248.jpg,9.483098e-09,cat,0
249.jpg,datasets_subset\test\249.jpg,0.9999993,dog,1
25.jpg,datasets_subset\test\25.jpg,2.746212e-13,cat,0
250.jpg,datasets_subset\test\250.jpg,0.968424,dog,1
251.jpg,datasets_subset\test\251.jpg,0.99995655,dog,1
252.jpg,datasets_subset\test\252.jpg,1.0,dog,1
253.jpg,datasets_subset\test\253.jpg,5.5986202e-09,cat,0
254.jpg,datasets_subset\test\254.jpg,0.9969002,dog,1
255.jpg,datasets_subset\test\255.jpg,1.0,dog,1
256.jpg,datasets_subset\test\256.jpg,0.99999404,dog,1
257.jpg,datasets_subset\test\257.jpg,0.9990938,dog,1
258.jpg,datasets_subset\test\258.jpg,0.00030916434,cat,0
259.jpg,datasets_subset\test\259.jpg,0.99921244,dog,1
26.jpg,datasets_subset\test\26.jpg,0.0034337167,cat,0
260.jpg,datasets_subset\test\260.jpg,1.774933e-08,cat,0
261.jpg,datasets_subset\test\261.jpg,0.99890924,dog,1
262.jpg,datasets_subset\test\262.jpg,0.3749474,cat,0
263.jpg,datasets_subset\test\263.jpg,0.99604523,dog,1
264.jpg,datasets_subset\test\264.jpg,0.9980541,dog,1
265.jpg,datasets_subset\test\265.jpg,0.99738216,dog,1
266.jpg,datasets_subset\test\266.jpg,0.99999124,dog,1
267.jpg,datasets_subset\test\267.jpg,1.0,dog,1
268.jpg,datasets_subset\test\268.jpg,8.751677e-06,cat,0
269.jpg,datasets_subset\test\269.jpg,0.025222072,cat,0
27.jpg,datasets_subset\test\27.jpg,0.9998391,dog,1
270.jpg,datasets_subset\test\270.jpg,0.9586818,dog,1
271.jpg,datasets_subset\test\271.jpg,4.9063915e-06,cat,0
272.jpg,datasets_subset\test\272.jpg,2.7473161e-05,cat,0
273.jpg,datasets_subset\test\273.jpg,1.770517e-08,cat,0
274.jpg,datasets_subset\test\274.jpg,1.2390982e-08,cat,0
275.jpg,datasets_subset\test\275.jpg,8.1440936e-13,cat,0
276.jpg,datasets_subset\test\276.jpg,1.0,dog,1
277.jpg,datasets_subset\test\277.jpg,1.0952818e-14,cat,0
278.jpg,datasets_subset\test\278.jpg,0.99999034,dog,1
279.jpg,datasets_subset\test\279.jpg,3.117076e-09,cat,0
28.jpg,datasets_subset\test\28.jpg,0.9988624,dog,1
280.jpg,datasets_subset\test\280.jpg,0.999995,dog,1
281.jpg,datasets_subset\test\281.jpg,1.0,dog,1
282.jpg,datasets_subset\test\282.jpg,0.90277994,dog,1
283.jpg,datasets_subset\test\283.jpg,7.6456805e-09,cat,0
284.jpg,datasets_subset\test\284.jpg,0.9999318,dog,1
285.jpg,datasets_subset\test\285.jpg,0.9999995,dog,1
286.jpg,datasets_subset\test\286.jpg,0.9999991,dog,1
287.jpg,datasets_subset\test\287.jpg,8.595904e-10,cat,0
288.jpg,datasets_subset\test\288.jpg,1.0,dog,1
289.jpg,datasets_subset\test\289.jpg,0.9999998,dog,1
29.jpg,datasets_subset\test\29.jpg,0.9869594,dog,1
290.jpg,datasets_subset\test\290.jpg,9.864419e-08,cat,0
291.jpg,datasets_subset\test\291.jpg,0.0054722396,cat,0
292.jpg,datasets_subset\test\292.jpg,0.99993724,dog,1
293.jpg,datasets_subset\test\293.jpg,0.97020787,dog,1
294.jpg,datasets_subset\test\294.jpg,0.99981886,dog,1
295.jpg,datasets_subset\test\295.jpg,1.0,dog,1
296.jpg,datasets_subset\test\296.jpg,1.6421904e-11,cat,0
297.jpg,datasets_subset\test\297.jpg,1.0,dog,1
298.jpg,datasets_subset\test\298.jpg,1.0,dog,1
299.jpg,datasets_subset\test\299.jpg,0.99999714,dog,1
3.jpg,datasets_subset\test\3.jpg,4.384562e-05,cat,0
30.jpg,datasets_subset\test\30.jpg,0.10087624,cat,0
300.jpg,datasets_subset\test\300.jpg,0.0007828134,cat,0
301.jpg,datasets_subset\test\301.jpg,0.9999799,dog,1
302.jpg,datasets_subset\test\302.jpg,0.9996637,dog,1
303.jpg,datasets_subset\test\303.jpg,0.99999976,dog,1
304.jpg,datasets_subset\test\304.jpg,2.0142171e-07,cat,0
305.jpg,datasets_subset\test\305.jpg,3.3856886e-14,cat,0
306.jpg,datasets_subset\test\306.jpg,0.04747579,cat,0
307.jpg,datasets_subset\test\307.jpg,3.5857842e-12,cat,0
308.jpg,datasets_subset\test\308.jpg,0.99598294,dog,1
309.jpg,datasets_subset\test\309.jpg,0.9999998,dog,1
31.jpg,datasets_subset\test\31.jpg,3.4280646e-13,cat,0
310.jpg,datasets_subset\test\310.jpg,1.0,dog,1
311.jpg,datasets_subset\test\311.jpg,0.99994254,dog,1
312.jpg,datasets_subset\test\312.jpg,8.5794184e-08,cat,0
313.jpg,datasets_subset\test\313.jpg,0.98645043,dog,1
314.jpg,datasets_subset\test\314.jpg,0.0009230584,cat,0
315.jpg,datasets_subset\test\315.jpg,3.6114975e-06,cat,0
316.jpg,datasets_subset\test\316.jpg,1.3814231e-12,cat,0
317.jpg,datasets_subset\test\317.jpg,0.00013926401,cat,0
318.jpg,datasets_subset\test\318.jpg,0.0034611463,cat,0
319.jpg,datasets_subset\test\319.jpg,0.9999995,dog,1
32.jpg,datasets_subset\test\32.jpg,0.9999487,dog,1
320.jpg,datasets_subset\test\320.jpg,1.0,dog,1
321.jpg,datasets_subset\test\321.jpg,0.99993366,dog,1
322.jpg,datasets_subset\test\322.jpg,0.99957097,dog,1
323.jpg,datasets_subset\test\323.jpg,0.9999738,dog,1
324.jpg,datasets_subset\test\324.jpg,4.6884114e-05,cat,0
325.jpg,datasets_subset\test\325.jpg,0.9837528,dog,1
326.jpg,datasets_subset\test\326.jpg,0.0001223468,cat,0
327.jpg,datasets_subset\test\327.jpg,0.00072328915,cat,0
328.jpg,datasets_subset\test\328.jpg,0.4903071,cat,0
329.jpg,datasets_subset\test\329.jpg,1.2231459e-06,cat,0
33.jpg,datasets_subset\test\33.jpg,1.5733921e-06,cat,0
330.jpg,datasets_subset\test\330.jpg,0.00018769824,cat,0
331.jpg,datasets_subset\test\331.jpg,1.5404516e-06,cat,0
332.jpg,datasets_subset\test\332.jpg,4.3176387e-06,cat,0
333.jpg,datasets_subset\test\333.jpg,1.0,dog,1
334.jpg,datasets_subset\test\334.jpg,0.9999976,dog,1
335.jpg,datasets_subset\test\335.jpg,0.99999994,dog,1
336.jpg,datasets_subset\test\336.jpg,0.99992937,dog,1
337.jpg,datasets_subset\test\337.jpg,0.9933897,dog,1
338.jpg,datasets_subset\test\338.jpg,0.004055097,cat,0
339.jpg,datasets_subset\test\339.jpg,1.0,dog,1
34.jpg,datasets_subset\test\34.jpg,7.6686624e-18,cat,0
340.jpg,datasets_subset\test\340.jpg,1.2805799e-06,cat,0
341.jpg,datasets_subset\test\341.jpg,1.1234607e-10,cat,0
342.jpg,datasets_subset\test\342.jpg,0.20369746,cat,0
343.jpg,datasets_subset\test\343.jpg,0.9942949,dog,1
344.jpg,datasets_subset\test\344.jpg,0.03499062,cat,0
345.jpg,datasets_subset\test\345.jpg,0.9998331,dog,1
346.jpg,datasets_subset\test\346.jpg,0.98219657,dog,1
347.jpg,datasets_subset\test\347.jpg,0.9999996,dog,1
348.jpg,datasets_subset\test\348.jpg,0.016150447,cat,0
349.jpg,datasets_subset\test\349.jpg,5.642045e-06,cat,0
35.jpg,datasets_subset\test\35.jpg,0.99996126,dog,1
350.jpg,datasets_subset\test\350.jpg,0.9999994,dog,1
351.jpg,datasets_subset\test\351.jpg,5.315281e-15,cat,0
352.jpg,datasets_subset\test\352.jpg,0.99997705,dog,1
353.jpg,datasets_subset\test\353.jpg,1.0,dog,1
354.jpg,datasets_subset\test\354.jpg,0.99979776,dog,1
355.jpg,datasets_subset\test\355.jpg,3.7712905e-06,cat,0
356.jpg,datasets_subset\test\356.jpg,6.2426416e-08,cat,0
357.jpg,datasets_subset\test\357.jpg,0.9987134,dog,1
358.jpg,datasets_subset\test\358.jpg,0.00011968152,cat,0
359.jpg,datasets_subset\test\359.jpg,3.15838e-06,cat,0
36.jpg,datasets_subset\test\36.jpg,1.0,dog,1
360.jpg,datasets_subset\test\360.jpg,9.816017e-12,cat,0
361.jpg,datasets_subset\test\361.jpg,0.00031081462,cat,0
362.jpg,datasets_subset\test\362.jpg,1.0,dog,1
363.jpg,datasets_subset\test\363.jpg,4.2114308e-09,cat,0
364.jpg,datasets_subset\test\364.jpg,2.0436082e-05,cat,0
365.jpg,datasets_subset\test\365.jpg,0.9999803,dog,1
366.jpg,datasets_subset\test\366.jpg,0.9597055,dog,1
367.jpg,datasets_subset\test\367.jpg,0.0026819448,cat,0
368.jpg,datasets_subset\test\368.jpg,0.48399538,cat,0
369.jpg,datasets_subset\test\369.jpg,0.00085308385,cat,0
37.jpg,datasets_subset\test\37.jpg,1.6819213e-09,cat,0
370.jpg,datasets_subset\test\370.jpg,0.9999844,dog,1
371.jpg,datasets_subset\test\371.jpg,1.0,dog,1
372.jpg,datasets_subset\test\372.jpg,0.9999907,dog,1
373.jpg,datasets_subset\test\373.jpg,0.6210628,dog,1
374.jpg,datasets_subset\test\374.jpg,0.003565667,cat,0
375.jpg,datasets_subset\test\375.jpg,0.99961126,dog,1
376.jpg,datasets_subset\test\376.jpg,5.7618067e-06,cat,0
377.jpg,datasets_subset\test\377.jpg,1.0,dog,1
378.jpg,datasets_subset\test\378.jpg,0.99999994,dog,1
379.jpg,datasets_subset\test\379.jpg,4.1965726e-13,cat,0
38.jpg,datasets_subset\test\38.jpg,0.99915475,dog,1
380.jpg,datasets_subset\test\380.jpg,0.9984815,dog,1
381.jpg,datasets_subset\test\381.jpg,2.9218475e-07,cat,0
382.jpg,datasets_subset\test\382.jpg,0.0017959815,cat,0
383.jpg,datasets_subset\test\383.jpg,0.000528109,cat,0
384.jpg,datasets_subset\test\384.jpg,0.9999956,dog,1
385.jpg,datasets_subset\test\385.jpg,1.0003055e-11,cat,0
386.jpg,datasets_subset\test\386.jpg,0.9999835,dog,1
387.jpg,datasets_subset\test\387.jpg,0.99999124,dog,1
388.jpg,datasets_subset\test\388.jpg,0.80562025,dog,1
389.jpg,datasets_subset\test\389.jpg,0.9891663,dog,1
39.jpg,datasets_subset\test\39.jpg,8.465332e-05,cat,0
390.jpg,datasets_subset\test\390.jpg,0.0016780904,cat,0
391.jpg,datasets_subset\test\391.jpg,0.9997996,dog,1
392.jpg,datasets_subset\test\392.jpg,1.5227985e-05,cat,0
393.jpg,datasets_subset\test\393.jpg,1.0,dog,1
394.jpg,datasets_subset\test\394.jpg,0.03303202,cat,0
395.jpg,datasets_subset\test\395.jpg,0.001187359,cat,0
396.jpg,datasets_subset\test\396.jpg,0.014820652,cat,0
397.jpg,datasets_subset\test\397.jpg,0.049568392,cat,0
398.jpg,datasets_subset\test\398.jpg,1.1952287e-06,cat,0
399.jpg,datasets_subset\test\399.jpg,1.7655533e-05,cat,0
4.jpg,datasets_subset\test\4.jpg,1.0,dog,1
40.jpg,datasets_subset\test\40.jpg,2.0258599e-06,cat,0
400.jpg,datasets_subset\test\400.jpg,1.2228248e-09,cat,0
401.jpg,datasets_subset\test\401.jpg,0.99993116,dog,1
402.jpg,datasets_subset\test\402.jpg,1.5472007e-11,cat,0
403.jpg,datasets_subset\test\403.jpg,0.020883827,cat,0
404.jpg,datasets_subset\test\404.jpg,1.0,dog,1
405.jpg,datasets_subset\test\405.jpg,4.570264e-12,cat,0
406.jpg,datasets_subset\test\406.jpg,6.793787e-07,cat,0
407.jpg,datasets_subset\test\407.jpg,0.9660536,dog,1
408.jpg,datasets_subset\test\408.jpg,0.9998813,dog,1
409.jpg,datasets_subset\test\409.jpg,0.9999398,dog,1
41.jpg,datasets_subset\test\41.jpg,0.9999999,dog,1
410.jpg,datasets_subset\test\410.jpg,4.0815732e-05,cat,0
411.jpg,datasets_subset\test\411.jpg,0.4084183,cat,0
412.jpg,datasets_subset\test\412.jpg,0.00047912847,cat,0
413.jpg,datasets_subset\test\413.jpg,0.010482214,cat,0
414.jpg,datasets_subset\test\414.jpg,0.9732055,dog,1
415.jpg,datasets_subset\test\415.jpg,1.8351137e-09,cat,0
416.jpg,datasets_subset\test\416.jpg,3.3989153e-07,cat,0
417.jpg,datasets_subset\test\417.jpg,3.484593e-13,cat,0
418.jpg,datasets_subset\test\418.jpg,0.99999976,dog,1
419.jpg,datasets_subset\test\419.jpg,2.4828728e-07,cat,0
42.jpg,datasets_subset\test\42.jpg,0.98452574,dog,1
420.jpg,datasets_subset\test\420.jpg,1.0920559e-05,cat,0
421.jpg,datasets_subset\test\421.jpg,0.99999857,dog,1
422.jpg,datasets_subset\test\422.jpg,2.8885836e-07,cat,0
423.jpg,datasets_subset\test\423.jpg,1.0,dog,1
424.jpg,datasets_subset\test\424.jpg,0.9999974,dog,1
425.jpg,datasets_subset\test\425.jpg,0.6398947,dog,1
426.jpg,datasets_subset\test\426.jpg,1.0,dog,1
427.jpg,datasets_subset\test\427.jpg,0.00036577083,cat,0
428.jpg,datasets_subset\test\428.jpg,0.019024376,cat,0
429.jpg,datasets_subset\test\429.jpg,1.0,dog,1
43.jpg,datasets_subset\test\43.jpg,1.8388356e-08,cat,0
430.jpg,datasets_subset\test\430.jpg,1.0,dog,1
431.jpg,datasets_subset\test\431.jpg,0.9996618,dog,1
432.jpg,datasets_subset\test\432.jpg,1.0439412e-07,cat,0
433.jpg,datasets_subset\test\433.jpg,1.2358485e-11,cat,0
434.jpg,datasets_subset\test\434.jpg,4.4980023e-08,cat,0
435.jpg,datasets_subset\test\435.jpg,7.498274e-07,cat,0
436.jpg,datasets_subset\test\436.jpg,2.6399652e-05,cat,0
437.jpg,datasets_subset\test\437.jpg,0.00014489926,cat,0
438.jpg,datasets_subset\test\438.jpg,0.99999994,dog,1
439.jpg,datasets_subset\test\439.jpg,5.1100387e-06,cat,0
44.jpg,datasets_subset\test\44.jpg,0.8898573,dog,1
440.jpg,datasets_subset\test\440.jpg,0.9997001,dog,1
441.jpg,datasets_subset\test\441.jpg,3.6635568e-09,cat,0
442.jpg,datasets_subset\test\442.jpg,0.9999924,dog,1
443.jpg,datasets_subset\test\443.jpg,1.172717e-06,cat,0
444.jpg,datasets_subset\test\444.jpg,1.11552945e-08,cat,0
445.jpg,datasets_subset\test\445.jpg,7.543317e-08,cat,0
446.jpg,datasets_subset\test\446.jpg,1.0,dog,1
447.jpg,datasets_subset\test\447.jpg,6.561605e-11,cat,0
448.jpg,datasets_subset\test\448.jpg,0.99982077,dog,1
449.jpg,datasets_subset\test\449.jpg,0.99999994,dog,1
45.jpg,datasets_subset\test\45.jpg,0.6439287,dog,1
450.jpg,datasets_subset\test\450.jpg,3.193019e-07,cat,0
451.jpg,datasets_subset\test\451.jpg,0.9999809,dog,1
452.jpg,datasets_subset\test\452.jpg,0.9997556,dog,1
453.jpg,datasets_subset\test\453.jpg,0.46031022,cat,0
454.jpg,datasets_subset\test\454.jpg,0.6960107,dog,1
455.jpg,datasets_subset\test\455.jpg,1.0,dog,1
456.jpg,datasets_subset\test\456.jpg,3.9174725e-10,cat,0
457.jpg,datasets_subset\test\457.jpg,1.8624763e-10,cat,0
458.jpg,datasets_subset\test\458.jpg,0.999999,dog,1
459.jpg,datasets_subset\test\459.jpg,1.0,dog,1
46.jpg,datasets_subset\test\46.jpg,0.2617501,cat,0
460.jpg,datasets_subset\test\460.jpg,0.99882,dog,1
461.jpg,datasets_subset\test\461.jpg,0.0005244066,cat,0
462.jpg,datasets_subset\test\462.jpg,4.749502e-13,cat,0
463.jpg,datasets_subset\test\463.jpg,3.60277e-07,cat,0
464.jpg,datasets_subset\test\464.jpg,0.4738004,cat,0
465.jpg,datasets_subset\test\465.jpg,0.78334916,dog,1
466.jpg,datasets_subset\test\466.jpg,0.9862838,dog,1
467.jpg,datasets_subset\test\467.jpg,0.99999833,dog,1
468.jpg,datasets_subset\test\468.jpg,2.9025402e-11,cat,0
469.jpg,datasets_subset\test\469.jpg,0.9792408,dog,1
47.jpg,datasets_subset\test\47.jpg,0.094243996,cat,0
470.jpg,datasets_subset\test\470.jpg,1.0,dog,1
471.jpg,datasets_subset\test\471.jpg,0.9999999,dog,1
472.jpg,datasets_subset\test\472.jpg,1.0,dog,1
473.jpg,datasets_subset\test\473.jpg,1.0,dog,1
474.jpg,datasets_subset\test\474.jpg,0.99819404,dog,1
475.jpg,datasets_subset\test\475.jpg,0.025444517,cat,0
476.jpg,datasets_subset\test\476.jpg,1.0,dog,1
477.jpg,datasets_subset\test\477.jpg,6.6403104e-06,cat,0
478.jpg,datasets_subset\test\478.jpg,0.0004371131,cat,0
479.jpg,datasets_subset\test\479.jpg,3.1059997e-06,cat,0
48.jpg,datasets_subset\test\48.jpg,0.00044647322,cat,0
480.jpg,datasets_subset\test\480.jpg,5.5799504e-05,cat,0
481.jpg,datasets_subset\test\481.jpg,3.1175486e-11,cat,0
482.jpg,datasets_subset\test\482.jpg,5.8528976e-12,cat,0
483.jpg,datasets_subset\test\483.jpg,1.8370468e-09,cat,0
484.jpg,datasets_subset\test\484.jpg,2.5262949e-05,cat,0
485.jpg,datasets_subset\test\485.jpg,0.9900351,dog,1
486.jpg,datasets_subset\test\486.jpg,2.7506624e-07,cat,0
487.jpg,datasets_subset\test\487.jpg,3.2272126e-06,cat,0
488.jpg,datasets_subset\test\488.jpg,0.006447922,cat,0
489.jpg,datasets_subset\test\489.jpg,0.99252766,dog,1
49.jpg,datasets_subset\test\49.jpg,0.0037254642,cat,0
490.jpg,datasets_subset\test\490.jpg,0.0003336126,cat,0
491.jpg,datasets_subset\test\491.jpg,0.9998327,dog,1
492.jpg,datasets_subset\test\492.jpg,0.9999999,dog,1
493.jpg,datasets_subset\test\493.jpg,5.424922e-08,cat,0
494.jpg,datasets_subset\test\494.jpg,0.9986257,dog,1
495.jpg,datasets_subset\test\495.jpg,0.6112373,dog,1
496.jpg,datasets_subset\test\496.jpg,0.0061868005,cat,0
497.jpg,datasets_subset\test\497.jpg,4.1911076e-07,cat,0
498.jpg,datasets_subset\test\498.jpg,3.2755495e-06,cat,0
499.jpg,datasets_subset\test\499.jpg,1.5484125e-05,cat,0
5.jpg,datasets_subset\test\5.jpg,1.0,dog,1
50.jpg,datasets_subset\test\50.jpg,0.99302864,dog,1
500.jpg,datasets_subset\test\500.jpg,0.9999968,dog,1
51.jpg,datasets_subset\test\51.jpg,0.99999994,dog,1
52.jpg,datasets_subset\test\52.jpg,0.55680573,dog,1
53.jpg,datasets_subset\test\53.jpg,0.99997896,dog,1
54.jpg,datasets_subset\test\54.jpg,3.6142804e-08,cat,0
55.jpg,datasets_subset\test\55.jpg,6.057303e-05,cat,0
56.jpg,datasets_subset\test\56.jpg,0.99964833,dog,1
57.jpg,datasets_subset\test\57.jpg,2.5651816e-09,cat,0
58.jpg,datasets_subset\test\58.jpg,1.5566818e-06,cat,0
59.jpg,datasets_subset\test\59.jpg,1.0,dog,1
6.jpg,datasets_subset\test\6.jpg,6.9383146e-05,cat,0
60.jpg,datasets_subset\test\60.jpg,6.9779793e-10,cat,0
61.jpg,datasets_subset\test\61.jpg,0.00049134233,cat,0
62.jpg,datasets_subset\test\62.jpg,0.0019092434,cat,0
63.jpg,datasets_subset\test\63.jpg,0.991416,dog,1
64.jpg,datasets_subset\test\64.jpg,1.0,dog,1
65.jpg,datasets_subset\test\65.jpg,3.3269408e-11,cat,0
66.jpg,datasets_subset\test\66.jpg,1.0,dog,1
67.jpg,datasets_subset\test\67.jpg,0.9831421,dog,1
68.jpg,datasets_subset\test\68.jpg,1.0,dog,1
69.jpg,datasets_subset\test\69.jpg,2.087068e-06,cat,0
7.jpg,datasets_subset\test\7.jpg,0.99999994,dog,1
70.jpg,datasets_subset\test\70.jpg,0.99996394,dog,1
71.jpg,datasets_subset\test\71.jpg,0.9999995,dog,1
72.jpg,datasets_subset\test\72.jpg,6.1232255e-05,cat,0
73.jpg,datasets_subset\test\73.jpg,1.5555775e-05,cat,0
74.jpg,datasets_subset\test\74.jpg,0.0027073992,cat,0
75.jpg,datasets_subset\test\75.jpg,0.99126184,dog,1
76.jpg,datasets_subset\test\76.jpg,0.9999905,dog,1
77.jpg,datasets_subset\test\77.jpg,3.9132035e-05,cat,0
78.jpg,datasets_subset\test\78.jpg,2.776253e-05,cat,0
79.jpg,datasets_subset\test\79.jpg,4.6584278e-06,cat,0
8.jpg,datasets_subset\test\8.jpg,0.9999809,dog,1
80.jpg,datasets_subset\test\80.jpg,1.879546e-09,cat,0
81.jpg,datasets_subset\test\81.jpg,0.9993724,dog,1
82.jpg,datasets_subset\test\82.jpg,0.99999756,dog,1
83.jpg,datasets_subset\test\83.jpg,0.99698,dog,1
84.jpg,datasets_subset\test\84.jpg,6.1530746e-11,cat,0
85.jpg,datasets_subset\test\85.jpg,0.00013743783,cat,0
86.jpg,datasets_subset\test\86.jpg,7.2082357e-10,cat,0
87.jpg,datasets_subset\test\87.jpg,0.97876936,dog,1
88.jpg,datasets_subset\test\88.jpg,0.99143493,dog,1
89.jpg,datasets_subset\test\89.jpg,0.9999993,dog,1
9.jpg,datasets_subset\test\9.jpg,0.18499541,cat,0
90.jpg,datasets_subset\test\90.jpg,0.009039805,cat,0
91.jpg,datasets_subset\test\91.jpg,2.0768893e-07,cat,0
92.jpg,datasets_subset\test\92.jpg,2.874825e-16,cat,0
93.jpg,datasets_subset\test\93.jpg,0.9995667,dog,1
94.jpg,datasets_subset\test\94.jpg,0.9999996,dog,1
95.jpg,datasets_subset\test\95.jpg,1.0,dog,1
96.jpg,datasets_subset\test\96.jpg,0.997355,dog,1
97.jpg,datasets_subset\test\97.jpg,0.97478503,dog,1
98.jpg,datasets_subset\test\98.jpg,7.1751394e-13,cat,0
99.jpg,datasets_subset\test\99.jpg,4.974885e-12,cat,0
